-- ============================================
-- LIMPEZA (reinicia identidades e remove registros)
-- ============================================
TRUNCATE evento_velorio, evento_cremacao, evento_sepultamento,
         funcionario_evento, compra, evento, falecido, contrato,
         localizacao_tumulo, tumulo, telefone_fornecedor,
         fornecedor, funcionario, titular
RESTART IDENTITY CASCADE;

-- ============================================
-- 1) TITULARES (50 registros) - CPFs únicos
-- ============================================
INSERT INTO titular (CPF, nome, endereco, email, telefone) VALUES
('10000000001','João Silva','Rua Afonso Pena, 123 - Centro - São Paulo/SP','joao.silva@mail.com','11900000001'),
('10000000002','Maria Santos','Av. Bento Gonçalves, 456 - Centro - Porto Alegre/RS','maria.santos@mail.com','51900000002'),
('10000000003','Pedro Oliveira','Rua das Palmeiras, 789 - Boa Vista - Rio de Janeiro/RJ','pedro.oliveira@mail.com','21900000003'),
('10000000004','Ana Costa','Praça da República, 12 - Centro - Belo Horizonte/MG','ana.costa@mail.com','31900000004'),
('10000000005','Carlos Pereira','Rua Barão do Rio Branco, 34 - Centro - Salvador/BA','carlos.pereira@mail.com','71900000005'),
('10000000006','Fernanda Lima','Av. Paraná, 200 - Batel - Curitiba/PR','fernanda.lima@mail.com','41900000006'),
('10000000007','Ricardo Alves','Rua do Comércio, 77 - Centro - Fortaleza/CE','ricardo.alves@mail.com','85900000007'),
('10000000008','Juliana Martins','Alameda Santos, 210 - Jardins - São Paulo/SP','juliana.martins@mail.com','11900000008'),
('10000000009','Roberto Souza','Rua XV de Novembro, 333 - Centro - Curitiba/PR','roberto.souza@mail.com','41900000009'),
('10000000010','Patrícia Rocha','Av. Amazonas, 444 - Centro - Belo Horizonte/MG','patricia.rocha@mail.com','31900000010'),
('10000000011','Marcos Ferreira','Rua das Flores, 555 - Centro - Recife/PE','marcos.ferreira@mail.com','81900000011'),
('10000000012','Camila Dias','Praça Sete, 66 - Centro - Belo Horizonte/MG','camila.dias@mail.com','31900000012'),
('10000000013','Lucas Barbosa','Rua 7 de Setembro, 77 - Centro - Manaus/AM','lucas.barbosa@mail.com','92900000013'),
('10000000014','Amanda Correia','Av. Boa Viagem, 88 - Boa Viagem - Recife/PE','amanda.correia@mail.com','81900000014'),
('10000000015','Bruno Nunes','Rua Marechal Deodoro, 99 - Centro - Porto Alegre/RS','bruno.nunes@mail.com','51900000015'),
('10000000016','Tatiane Ramos','Alameda Principal, 100 - Centro - Salvador/BA','tatiane.ramos@mail.com','71900000016'),
('10000000017','Diego Castro','Av. Brasil, 111 - Centro - Brasília/DF','diego.castro@mail.com','61900000017'),
('10000000018','Vanessa Monteiro','Rua das Acácias, 122 - Asa Sul - Brasília/DF','vanessa.monteiro@mail.com','61900000018'),
('10000000019','Felipe Cardoso','Praça dos Girassóis, 133 - Centro - Manaus/AM','felipe.cardoso@mail.com','92900000019'),
('10000000020','Laura Mendes','Rua São José, 144 - Centro - Fortaleza/CE','laura.mendes@mail.com','85900000020'),
('10000000021','Rebeca Alves','Rua das Orquídeas, 155 - Centro - São Paulo/SP','rebeca.alves@mail.com','11900000021'),
('10000000022','Pennywise D.','Rua Dread, 166 - Vila Medo - São Paulo/SP','pennywise@mail.com','11900000022'),
('10000000023','Ellen Ripley','Av. Nostromo, 177 - Centro - Rio de Janeiro/RJ','ellen.ripley@mail.com','21900000023'),
('10000000024','Jason Voorhees','Rua Crystal Lake, 188 - Zona Rural - Campos/RJ','jason.v@mail.com','21900000024'),
('10000000025','Freddy Krueger','Rua Elm, 199 - Centro - Curitiba/PR','freddy.k@mail.com','41900000025'),
('10000000026','Laurie Strode','Alameda Haddonfield, 200 - Jd. Centro - São Paulo/SP','laurie.strode@mail.com','11900000026'),
('10000000027','Chucky Bonecas','Rua Brinquedo, 211 - Centro - Belo Horizonte/MG','chucky@mail.com','31900000027'),
('10000000028','Regan MacNeil','Praça Exorcista, 222 - Centro - Salvador/BA','regan@mail.com','71900000028'),
('10000000029','Kayako Saeki','Rua Onryo, 233 - Centro - Fortaleza/CE','kayako@mail.com','85900000029'),
('10000000030','Samara Morgan','Av. Poço, 244 - Centro - Manaus/AM','samara@mail.com','92900000030'),
('10000000031','Norman Bates','Rua Bates, 255 - Centro - Recife/PE','norman@mail.com','81900000031'),
('10000000032','Regina Andrade','Rua Geraldo, 266 - Centro - Brasília/DF','regina.andrade@mail.com','61900000032'),
('10000000033','Carlos Eduardo','Av. Independência, 277 - Centro - Porto Alegre/RS','carlos.edu@mail.com','51900000033'),
('10000000034','Mariana Silva','Rua Aurora, 288 - Centro - Salvador/BA','mariana.silva@mail.com','71900000034'),
('10000000035','Gustavo Rosa','Praça Nova, 299 - Centro - Fortaleza/CE','gustavo.rosa@mail.com','85900000035'),
('10000000036','Isabela Moreira','Alameda Bela, 300 - Jd. América - São Paulo/SP','isabela.moreira@mail.com','11900000036'),
('10000000037','Roberto Lima','Rua Verde, 311 - Centro - Belo Horizonte/MG','roberto.lima@mail.com','31900000037'),
('10000000038','Sofia Nunes','Av. Alto, 322 - Centro - Curitiba/PR','sofia.nunes@mail.com','41900000038'),
('10000000039','Mateus Gonçalves','Rua Leste, 333 - Centro - Manaus/AM','mateus.gon@mail.com','92900000039'),
('10000000040','Beatriz Fernandes','Praça Oeste, 344 - Centro - Recife/PE','beatriz.fernandes@mail.com','81900000040'),
('10000000041','Hannah Baker','Rua Fita, 355 - Centro - São Paulo/SP','hannah.baker@mail.com','11900000041'),
('10000000042','Victor Hugo','Av. Literatura, 366 - Centro - Rio de Janeiro/RJ','victor.hugo@mail.com','21900000042'),
('10000000043','Rosa Mendes','Alameda Rosas, 377 - Centro - Brasília/DF','rosa.mendes@mail.com','61900000043'),
('10000000044','Pedro Henrique','Rua Sol, 388 - Centro - Porto Alegre/RS','pedro.henrique@mail.com','51900000044'),
('10000000045','Ana Paula','Praça Azul, 399 - Centro - Fortaleza/CE','ana.paula@mail.com','85900000045'),
('10000000046','Roberta Cardoso','Av. Mar, 400 - Orla - Recife/PE','roberta.cardoso@mail.com','81900000046'),
('10000000047','Leandro Silva','Rua Interior, 411 - Centro - Brasília/DF','leandro.silva@mail.com','61900000047'),
('10000000048','Marina Costa','Praça do Sol, 422 - Centro - Salvador/BA','marina.costa@mail.com','71900000048'),
('10000000049','Eduarda Ribeiro','Alameda das Flores, 433 - Centro - Curitiba/PR','eduarda.ribeiro@mail.com','41900000049'),
('10000000050','Felipe Martins','Rua Central, 444 - Centro - Manaus/AM','felipe.martins@mail.com','92900000050');

-- ============================================
-- 2) TÚMULOS (50 registros) - tipos repetidos conforme pedido
-- ============================================
-- tipos: 'Túmulo Familiar','Gaveta','Túmulo Duplo','Mausoléu','Túmulo Simples'
INSERT INTO tumulo (status, tipo, capacidade, atual) VALUES
('Reservado','Túmulo Familiar',4,1),
('Reservado','Gaveta',1,1),
('Reservado','Túmulo Duplo',2,1),
('Reservado','Mausoléu',6,1),
('Reservado','Túmulo Simples',1,1),
('Reservado','Túmulo Familiar',4,1),
('Reservado','Gaveta',1,1),
('Reservado','Túmulo Duplo',2,1),
('Reservado','Mausoléu',6,1),
('Reservado','Túmulo Simples',1,1),
('Vazio','Túmulo Familiar',4,0),
('Vazio','Gaveta',1,0),
('Vazio','Túmulo Duplo',2,0),
('Vazio','Mausoléu',6,0),
('Vazio','Túmulo Simples',1,0),
('Cheio','Túmulo Familiar',4,0),
('Cheio','Gaveta',1,0),
('Cheio','Túmulo Duplo',2,0),
('Cheio','Mausoléu',6,0),
('Cheio','Túmulo Simples',1,0),
('Reservado','Túmulo Familiar',4,1),
('Reservado','Gaveta',1,1),
('Reservado','Túmulo Duplo',2,1),
('Reservado','Mausoléu',6,1),
('Reservado','Túmulo Simples',1,1),
('Vazio','Túmulo Familiar',4,0),
('Vazio','Gaveta',1,0),
('Vazio','Túmulo Duplo',2,0),
('Vazio','Mausoléu',6,0),
('Vazio','Túmulo Simples',1,0),
('Cheio','Túmulo Familiar',4,0),
('Cheio','Gaveta',1,0),
('Cheio','Túmulo Duplo',2,0),
('Cheio','Mausoléu',6,0),
('Cheio','Túmulo Simples',1,0),
('Reservado','Túmulo Familiar',4,1),
('Reservado','Gaveta',1,1),
('Reservado','Túmulo Duplo',2,1),
('Reservado','Mausoléu',6,1),
('Reservado','Túmulo Simples',1,1),
('Vazio','Túmulo Familiar',4,0),
('Vazio','Gaveta',1,0),
('Vazio','Túmulo Duplo',2,0),
('Vazio','Mausoléu',6,0),
('Vazio','Túmulo Simples',1,0),
('Cheio','Túmulo Simples',1,1),
('Cheio','Túmulo Simples',1,1),
('Cheio','Túmulo Simples',1,1);

-- ============================================
-- 3) LOCALIZAÇÃO_TUMULO (50 registros) - IDs 1..50
-- repete quadras e setores para permitir várias ocorrências
-- ============================================
INSERT INTO localizacao_tumulo (ID_tumulo, quadra, setor, numero) VALUES
(1,'A','1',101),(2,'A','1',102),(3,'A','1',103),(4,'A','1',104),(5,'A','1',105),
(6,'B','2',201),(7,'B','2',202),(8,'B','2',203),(9,'B','2',204),(10,'B','2',205),
(11,'C','3',301),(12,'C','3',302),(13,'C','3',303),(14,'C','3',304),(15,'C','3',305),
(16,'D','4',401),(17,'D','4',402),(18,'D','4',403),(19,'D','4',404),(20,'D','4',405),
(21,'A','1',106),(22,'A','1',107),(23,'B','2',206),(24,'B','2',207),(25,'C','3',306),
(26,'C','3',307),(27,'D','4',406),(28,'D','4',407),(29,'A','1',108),(30,'B','2',208),
(31,'C','3',308),(32,'D','4',408),(33,'A','1',109),(34,'A','1',110),(35,'B','2',209),
(36,'B','2',210),(37,'C','3',309),(38,'C','3',310),(39,'D','4',409),(40,'D','4',410),
(41,'A','1',111),(42,'B','2',211),(43,'C','3',311),(44,'D','4',411),(45,'A','1',112),
(46,'B','2',212),(47,'C','3',312),(48,'D','4',412),(49,'A','1',113),(50,'B','2',213);

-- ============================================
-- 4) CONTRATOS (50 registros)
-- Observação: data_inicio todas em 2025
-- ============================================
INSERT INTO contrato (CPF, ID_tumulo, data_inicio, prazo_vigencia, valor, status) VALUES
('10000000001',1,'2025-01-05',365,15000.00,'Ativo'),
('10000000002',2,'2025-02-10',365,8000.00,'Ativo'),
('10000000003',3,'2025-03-12',365,12000.00,'Ativo'),
('10000000004',4,'2025-01-20',365,35000.00,'Reservado'),
('10000000005',5,'2025-04-01',365,5000.00,'Ativo'),
('10000000006',6,'2025-05-15',365,18000.00,'Ativo'),
('10000000007',7,'2025-06-10',365,6000.00,'Ativo'),
('10000000008',8,'2025-07-11',365,14000.00,'Reservado'),
('10000000009',9,'2025-08-22',365,28000.00,'Ativo'),
('10000000010',10,'2025-09-30',365,4500.00,'Ativo'),
('10000000011',11,'2025-10-05',365,22000.00,'Ativo'),
('10000000012',12,'2025-11-12',365,7000.00,'Ativo'),
('10000000013',13,'2025-03-01',365,11000.00,'Ativo'),
('10000000014',14,'2025-04-08',365,32000.00,'Reservado'),
('10000000015',15,'2025-05-14',365,8500.00,'Ativo'),
('10000000016',16,'2025-06-21',365,19000.00,'Ativo'),
('10000000017',17,'2025-07-19',365,5500.00,'Ativo'),
('10000000018',18,'2025-08-25',365,16000.00,'Reservado'),
('10000000019',19,'2025-09-28',365,25000.00,'Ativo'),
('10000000020',20,'2025-10-10',365,4800.00,'Ativo'),
('10000000021',21,'2025-01-15',365,5000.00,'Ativo'),
('10000000022',22,'2025-02-18',365,7500.00,'Ativo'),
('10000000023',23,'2025-03-21',365,10000.00,'Ativo'),
('10000000024',24,'2025-04-24',365,9000.00,'Ativo'),
('10000000025',25,'2025-05-27',365,13000.00,'Ativo'),
('10000000026',26,'2025-06-30',365,7200.00,'Ativo'),
('10000000027',27,'2025-07-05',365,8100.00,'Reservado'),
('10000000028',28,'2025-08-09',365,9400.00,'Ativo'),
('10000000029',29,'2025-09-13',365,6700.00,'Ativo'),
('10000000030',30,'2025-10-17',365,5500.00,'Ativo'),
('10000000031',31,'2025-11-21',365,12000.00,'Ativo'),
('10000000032',32,'2025-01-25',365,14500.00,'Ativo'),
('10000000033',33,'2025-02-28',365,7600.00,'Ativo'),
('10000000034',34,'2025-03-05',365,9800.00,'Reservado'),
('10000000035',35,'2025-04-10',365,4300.00,'Ativo'),
('10000000036',36,'2025-05-15',365,21000.00,'Ativo'),
('10000000037',37,'2025-06-20',365,6700.00,'Ativo'),
('10000000038',38,'2025-07-25',365,8800.00,'Ativo'),
('10000000039',39,'2025-08-30',365,10200.00,'Reservado'),
('10000000040',40,'2025-09-04',365,5400.00,'Ativo'),
('10000000041',41,'2025-10-09',365,6100.00,'Ativo'),
('10000000042',42,'2025-11-14',365,7300.00,'Ativo'),
('10000000043',43,'2025-01-18',365,8200.00,'Ativo'),
('10000000044',44,'2025-02-22',365,5200.00,'Ativo'),
('10000000045',45,'2025-03-28',365,4700.00,'Reservado'),
('10000000046',46,'2025-04-30',365,9900.00,'Ativo'),
('10000000047',47,'2025-05-06',365,7600.00,'Ativo'),
('10000000048',48,'2025-06-11',365,8500.00,'Ativo'),
('10000000049',49,'2025-07-16',365,9100.00,'Ativo'),
('10000000050',50,'2025-08-21',365,6800.00,'Ativo');

-- ============================================
-- 5) FALECIDOS (50 registros)
-- ============================================
INSERT INTO falecido (CPF, nome, data_falecimento, data_nascimento, motivo, ID_tumulo) VALUES
('10000000001','Antonio Silva','2024-01-10','1945-03-15','Causas naturais',1),
('10000000002','Fernanda Lima','2024-02-20','1978-07-22','Doença',2),
('10000000003','Roberto Alves','2024-03-05','1952-11-30','Acidente',3),
('10000000004','Carla Santos','2024-04-15','1965-04-18','Infarto',4),
('10000000005','Miguel Costa','2024-05-30','1948-09-12','Doença',5),
('10000000006','Beatriz Oliveira','2024-06-25','1972-02-28','AVC',6),
('10000000007','Rafael Pereira','2024-07-18','1958-12-05','Queda',7),
('10000000008','Daniela Rodrigues','2024-08-12','1969-06-20','Afogamento',8),
('10000000009','Sérgio Nunes','2024-09-08','1943-08-15','Causas naturais',9),
('10000000010','Larissa Castro','2024-10-01','1975-01-25','Intoxicação',10),
('10000000011','Gustavo Mendes','2024-11-05','1955-10-08','Doença',11),
('10000000012','Patrícia Rocha','2024-12-12','1962-03-14','Causas naturais',12),
('10000000013','Marcelo Dias','2024-01-30','1947-07-19','Acidente',13),
('10000000014','Tatiane Barbosa','2024-02-15','1970-11-03','Abraçou um cacto',14),
('10000000015','Leonardo Correia','2024-03-28','1950-05-27','Mordido por morcego',15),
('10000000016','Vanessa Monteiro','2024-04-20','1967-09-08','Doença',16),
('10000000017','Felipe Cardoso','2024-05-10','1940-12-12','Causas naturais',17),
('10000000018','Laura Ramos','2024-06-05','1973-04-17','Afogou na lava',18),
('10000000019','Bruno Ferreira','2024-07-18','1957-02-23','Doença',19),
('10000000020','Juliana Almeida','2024-08-25','1964-06-30','Experienciou Energia Cinética',20),
('10000000021','Rebeca Alves','2024-09-11','1984-07-07','Causas naturais',21),
('10000000022','Pennywise D.','2024-10-31','1898-10-31','Possuído',22),
('10000000023','Ellen Ripley','2024-11-02','2092-01-01','Alienígena (sci-fi easter-egg)',23),
('10000000024','Jason Voorhees','2024-11-13','1960-06-13','Acidente',24),
('10000000025','Freddy Krueger','2024-12-01','1952-10-09','Sonhos (referência)',25),
('10000000026','Laurie Strode','2024-01-09','1960-11-27','Causas naturais',26),
('10000000027','Chucky Bonecas','2024-02-14','1975-02-14','Brinquedo perigoso',27),
('10000000028','Regan MacNeil','2024-03-21','1959-05-22','Possuído',28),
('10000000029','Kayako Saeki','2024-04-04','1979-08-08','Misterioso (referência)',29),
('10000000030','Samara Morgan','2024-05-15','1988-12-12','Maldicao',30),
('10000000031','Norman Bates','2024-06-16','1930-11-01','Homicídio (referência)',31),
('10000000032','Regina Andrade','2024-07-07','1956-07-07','Doença',32),
('10000000033','Carlos Eduardo','2024-08-08','1949-08-08','Causas naturais',33),
('10000000034','Mariana Silva','2024-09-09','1968-09-09','Doença',34),
('10000000035','Gustavo Rosa','2024-10-10','1950-10-10','Acidente',35),
('10000000036','Isabela Moreira','2024-11-11','1980-11-11','Intoxicação',36),
('10000000037','Roberto Lima','2024-12-12','1940-12-12','Infarto',37),
('10000000038','Sofia Nunes','2024-01-01','1977-01-01','Causas naturais',38),
('10000000039','Mateus Gonçalves','2024-02-02','1966-02-02','Queda',39),
('10000000040','Beatriz Fernandes','2024-03-03','1982-03-03','Acidente',40),
('10000000041','Hannah Baker','2024-04-04','1995-04-04','Suicídio',41),
('10000000042','Victor Hugo','2024-05-05','1955-05-05','Causas naturais',42),
('10000000043','Rosa Mendes','2024-06-06','1963-06-06','Doença',43),
('10000000044','Pedro Henrique','2024-07-07','1979-07-07','Homicídio',44),
('10000000045','Ana Paula','2024-08-08','1986-08-08','Infarto',45),
('10000000046','Roberta Cardoso','2024-09-09','1971-09-09','Doença',46),
('10000000047','Leandro Silva','2024-10-10','1969-10-10','Acidente',47),
('10000000048','Marina Costa','2024-11-11','1958-11-11','Causas naturais',48),
('10000000049','Eduarda Ribeiro','2024-12-12','1990-12-12','Intoxicação',49),
('10000000050','Felipe Martins','2024-12-20','1953-12-20','Doença',50);

-- ============================================
-- 6) FORNECEDORES (50 registros)
-- ============================================
INSERT INTO fornecedor (CNPJ, nome, endereco) VALUES
('20000000000101','Flores Para Sempre Ltda','Rua das Flores, 100 - Centro - São Paulo/SP'),
('20000000000202','Mármores Nobre SA','Av. das Pedras, 200 - Industrial - Rio de Janeiro/RJ'),
('20000000000303','Coroa Funeral ME','Rua das Coroas, 300 - Centro - Belo Horizonte/MG'),
('20000000000404','Velas Eternas Ltda','Alameda das Velas, 400 - Comercial - Porto Alegre/RS'),
('20000000000505','Urnas Sagradas SA','Praça das Urnas, 500 - Centro - Salvador/BA'),
('20000000000606','Transporte Celestial ME','Rua dos Transportes, 600 - Industrial - Curitiba/PR'),
('20000000000707','Lápides Memorial Ltda','Av. das Lápides, 700 - Centro - Fortaleza/CE'),
('20000000000808','Flores do Campo SA','Rua dos Campos, 800 - Jardim - Recife/PE'),
('20000000000909','Mármore Arte ME','Alameda da Arte, 900 - Centro - Brasília/DF'),
('20000000001010','Coroa Real Ltda','Praça Real, 1000 - Nobre - Manaus/AM'),
('20000000001111','Velas Divinas SA','Rua Divina, 1100 - Centro - São Paulo/SP'),
('20000000001212','Urnas Preciosas ME','Av. Preciosa, 1200 - Industrial - Rio de Janeiro/RJ'),
('20000000001313','Transporte Paz Ltda','Rua da Paz, 1300 - Centro - Belo Horizonte/MG'),
('20000000001414','Lápides Eternas SA','Alameda Eterna, 1400 - Comercial - Porto Alegre/RS'),
('20000000001515','Flores Perenes ME','Praça Perene, 1500 - Centro - Salvador/BA'),
('20000000001616','Mármore Divino Ltda','Rua Divina, 1600 - Industrial - Curitiba/PR'),
('20000000001717','Coroa Celestial SA','Av. Celestial, 1700 - Centro - Fortaleza/CE'),
('20000000001818','Velas Sagradas ME','Rua Sagrada, 1800 - Jardim - Recife/PE'),
('20000000001919','Urnas Memorial Ltda','Alameda Memorial, 1900 - Centro - Brasília/DF'),
('20000000002020','Transporte Angelical SA','Praça Angelical, 2000 - Nobre - Manaus/AM'),
('20000000002121','Flores Jardim Ltda','Rua Jardim, 2100 - Centro - São Paulo/SP'),
('20000000002222','Marmoreiro Alfa SA','Av. Alfa, 2200 - Industrial - Rio de Janeiro/RJ'),
('20000000002323','Coroas & Cia ME','Rua Coroa, 2300 - Centro - Belo Horizonte/MG'),
('20000000002424','Velas Luz Ltda','Alameda Luz, 2400 - Comercial - Porto Alegre/RS'),
('20000000002525','Urnas Ouro SA','Praça Ouro, 2500 - Centro - Salvador/BA'),
('20000000002626','Paz Transportes ME','Rua da Estrada, 2600 - Industrial - Curitiba/PR'),
('20000000002727','Monumentos LTDA','Av. Monumento, 2700 - Centro - Fortaleza/CE'),
('20000000002828','Flores Brasil SA','Rua Brasil, 2800 - Jardim - Recife/PE'),
('20000000002929','Mármores & Arte ME','Alameda Arte, 2900 - Centro - Brasília/DF'),
('20000000003030','Coroa Majestosa Ltda','Praça Majestade, 3000 - Nobre - Manaus/AM'),
('20000000003131','Velas & Cores SA','Rua Cores, 3100 - Centro - São Paulo/SP'),
('20000000003232','Urnas Express ME','Av. Express, 3200 - Industrial - Rio de Janeiro/RJ'),
('20000000003333','Transporte 24h Ltda','Rua 24h, 3300 - Centro - Belo Horizonte/MG'),
('20000000003434','Memorial Stone SA','Av. Stone, 3400 - Comercial - Porto Alegre/RS'),
('20000000003535','Flor & Cia ME','Praça Flor, 3500 - Centro - Salvador/BA'),
('20000000003636','Mármores do Norte Ltda','Rua Norte, 3600 - Industrial - Curitiba/PR'),
('20000000003737','Coroa Sagrada SA','Av. Sagrada, 3700 - Centro - Fortaleza/CE'),
('20000000003838','Velas Aroma ME','Rua Aroma, 3800 - Jardim - Recife/PE'),
('20000000003939','Urnas Elite Ltda','Alameda Elite, 3900 - Centro - Brasília/DF'),
('20000000004040','Paz & Lápide SA','Praça Paz, 4000 - Nobre - Manaus/AM'),
('20000000004141','Flores Eternas ME','Rua Eterna, 4100 - Centro - São Paulo/SP'),
('20000000004242','Mármore Real SA','Av. Real, 4200 - Industrial - Rio de Janeiro/RJ'),
('20000000004343','Transporte Soberano Ltda','Rua Soberana, 4300 - Centro - Belo Horizonte/MG'),
('20000000004444','Memorial & Arte ME','Alameda Memorial, 4400 - Comercial - Porto Alegre/RS'),
('20000000004545','Flores & Tal SA','Praça Tal, 4500 - Centro - Salvador/BA'),
('20000000004646','Mármore Premium Ltda','Rua Premium, 4600 - Industrial - Curitiba/PR'),
('20000000004747','Coroa Suprema SA','Av. Suprema, 4700 - Centro - Fortaleza/CE'),
('20000000004848','Velas do Porto ME','Rua do Porto, 4800 - Jardim - Recife/PE'),
('20000000004949','Urnas Brasil Ltda','Alameda Brasil, 4900 - Centro - Brasília/DF'),
('20000000005050','Transporte Vila SA','Praça Vila, 5000 - Nobre - Manaus/AM');

-- ============================================
-- 7) TELEFONE_FORNECEDOR (aprox 1-2 por fornecedor) - telefones únicos
-- ============================================
INSERT INTO telefone_fornecedor (CNPJ, telefone) VALUES
('20000000000101','1130000001'),('20000000000101','1130000002'),
('20000000000202','2130000003'),('20000000000202','2130000004'),
('20000000000303','3130000005'),('20000000000303','3130000006'),
('20000000000404','5130000007'),('20000000000404','5130000008'),
('20000000000505','7130000009'),('20000000000505','7130000010'),
('20000000000606','4130000011'),('20000000000606','4130000012'),
('20000000000707','8530000013'),('20000000000707','8530000014'),
('20000000000808','8130000015'),('20000000000808','8130000016'),
('20000000000909','6130000017'),('20000000000909','6130000018'),
('20000000001010','9230000019'),('20000000001010','9230000020'),
('20000000001111','1130000021'),('20000000001212','2130000022'),
('20000000001313','3130000023'),('20000000001414','5130000024'),
('20000000001515','7130000025'),('20000000001616','4130000026'),
('20000000001717','8530000027'),('20000000001818','8130000028'),
('20000000001919','6130000029'),('20000000002020','9230000030'),
('20000000002121','1130000031'),('20000000002222','2130000032'),
('20000000002323','3130000033'),('20000000002424','5130000034'),
('20000000002525','7130000035'),('20000000002626','4130000036'),
('20000000002727','8530000037'),('20000000002828','8130000038'),
('20000000002929','6130000039'),('20000000003030','9230000040'),
('20000000003131','1130000041'),('20000000003232','2130000042'),
('20000000003333','3130000043'),('20000000003434','5130000044'),
('20000000003535','7130000045'),('20000000003636','4130000046'),
('20000000003737','8530000047'),('20000000003838','8130000048'),
('20000000003939','6130000049'),('20000000004040','9230000050');

-- ============================================
-- 8) FUNCIONÁRIOS (50 registros) - CPFs únicos; cargos repetidos (não criei cargos novos)
-- cargos usados (repetidos): Jardineiro, Recepcionista, Coveiro, Administrador, Motorista,
-- Cozinheira, Segurança, Psicóloga, Coordenador, Florista, Técnico Manutenção, Auxiliar Limpeza,
-- Assistente Administrativo, Contador, Enfermeira, Gerente, Atendente, Zelador, Coordenadora Eventos
-- ============================================
INSERT INTO funcionario (CPF, nome, funcao, modelo_contrato, horas_semanais, salario) VALUES
('30000000001','Carlos Jardineiro','Jardineiro','CLT',44,2200.00),
('30000000002','Ana Recepcionista','Recepcionista','CLT',40,2800.00),
('30000000003','Pedro Coveiro','Coveiro','CLT',44,2500.00),
('30000000004','Mariana Administradora','Administrador','CLT',44,4500.00),
('30000000005','José Motorista','Motorista','CLT',40,3200.00),
('30000000006','Cristina Cozinheira','Cozinheira','CLT',44,2300.00),
('30000000007','Roberto Segurança','Segurança','CLT',44,2700.00),
('30000000008','Fernanda Psicóloga','Psicóloga','PJ',30,3800.00),
('30000000009','Paulo Coordenador','Coordenador','CLT',44,5200.00),
('30000000010','Luciana Florista','Florista','CLT',40,2100.00),
('30000000011','Ricardo Manutenção','Técnico Manutenção','CLT',44,2900.00),
('30000000012','Sandra Limpeza','Auxiliar Limpeza','CLT',44,1800.00),
('30000000013','Felipe Assistente','Assistente Administrativo','CLT',44,2400.00),
('30000000014','André Contador','Contador','PJ',25,4200.00),
('30000000015','Patrícia Enfermeira','Enfermeira','CLT',40,3500.00),
('30000000016','Marcos Gerente','Gerente','CLT',44,6800.00),
('30000000017','Isabela Atendente','Atendente','CLT',40,2200.00),
('30000000018','Rogério Zelador','Zelador','CLT',44,2300.00),
('30000000019','Helena Eventos','Coordenadora Eventos','CLT',44,4800.00),
('30000000020','João Coveiro II','Coveiro','CLT',44,2500.00),
('30000000021','Maria Recepção II','Recepcionista','CLT',40,2800.00),
('30000000022','Lucas Jardineiro II','Jardineiro','CLT',44,2200.00),
('30000000023','Sandra Florista II','Florista','CLT',40,2100.00),
('30000000024','Paulo Motorista II','Motorista','CLT',40,3200.00),
('30000000025','Raquel Cozinha','Cozinheira','CLT',44,2300.00),
('30000000026','Bruno Segurança II','Segurança','CLT',44,2700.00),
('30000000027','Daniel Psicólogo II','Psicóloga','PJ',30,3800.00),
('30000000028','Clara Coordenadora II','Coordenador','CLT',44,5200.00),
('30000000029','Luiza Assistente II','Assistente Administrativo','CLT',44,2400.00),
('30000000030','Mateus Técnico II','Técnico Manutenção','CLT',44,2900.00),
('30000000031','Patrícia Limpeza II','Auxiliar Limpeza','CLT',44,1800.00),
('30000000032','Guilherme Contador II','Contador','PJ',25,4200.00),
('30000000033','Daniela Enfermeira II','Enfermeira','CLT',40,3500.00),
('30000000034','Marina Gerente II','Gerente','CLT',44,6800.00),
('30000000035','Ricardo Atendente II','Atendente','CLT',40,2200.00),
('30000000036','Fábio Zelador II','Zelador','CLT',44,2300.00),
('30000000037','Sérgio Eventos II','Coordenadora Eventos','CLT',44,4800.00),
('30000000038','Paula Coveira III','Coveiro','CLT',44,2500.00),
('30000000039','Natália Recepção III','Recepcionista','CLT',40,2800.00),
('30000000040','Vitor Jardineiro III','Jardineiro','CLT',44,2200.00),
('30000000041','Bianca Florista III','Florista','CLT',40,2100.00),
('30000000042','Alex Motorista III','Motorista','CLT',40,3200.00),
('30000000043','Sônia Cozinha III','Cozinheira','CLT',44,2300.00),
('30000000044','Paulo Segurança III','Segurança','CLT',44,2700.00),
('30000000045','Rita Psicóloga III','Psicóloga','PJ',30,3800.00),
('30000000046','Otávio Coordenador III','Coordenador','CLT',44,5200.00),
('30000000047','Bruna Assistente III','Assistente Administrativo','CLT',44,2400.00),
('30000000048','Elias Técnico III','Técnico Manutenção','CLT',44,2900.00),
('30000000049','Marta Limpeza III','Auxiliar Limpeza','CLT',44,1800.00),
('30000000050','Igor Contador III','Contador','PJ',25,4200.00);

-- ============================================
-- 9) EVENTOS (50 registros) - usa CPF dos titulares, nomes dos falecidos; locais variados BR
-- ============================================
INSERT INTO evento (CPF, nome, lugar, dia, horario, valor) VALUES
('10000000001','Antonio Silva','Capela São João','2024-01-15','14:00:00',2500.00),
('10000000002','Fernanda Lima','Sala Velório Paz','2024-01-16','16:00:00',1800.00),
('10000000003','Roberto Alves','Crematório Central','2024-01-17','10:00:00',3200.00),
('10000000004','Carla Santos','Cemitério Jardim da Paz','2024-01-18','15:00:00',1500.00),
('10000000005','Miguel Costa','Capela Santa Maria','2024-01-19','09:00:00',2200.00),
('10000000006','Beatriz Oliveira','Sala Velório Esperança','2024-01-20','11:00:00',1900.00),
('10000000007','Rafael Pereira','Crematório Oeste','2024-01-21','14:30:00',3100.00),
('10000000008','Daniela Rodrigues','Cemitério São Pedro','2024-01-22','16:30:00',1400.00),
('10000000009','Sérgio Nunes','Capela Divino Espírito','2024-01-23','08:00:00',2600.00),
('10000000010','Larissa Castro','Sala Velório Fé','2024-01-24','13:00:00',1700.00),
('10000000011','Gustavo Mendes','Crematório Leste','2024-01-25','15:00:00',3300.00),
('10000000012','Patrícia Rocha','Cemitério Parque das Flores','2024-01-26','10:30:00',1600.00),
('10000000013','Marcelo Dias','Capela Nossa Senhora','2024-01-27','17:00:00',2400.00),
('10000000014','Tatiane Barbosa','Sala Velório Luz','2024-01-28','12:00:00',2000.00),
('10000000015','Leonardo Correia','Crematório Norte','2024-01-29','09:30:00',3000.00),
('10000000016','Vanessa Monteiro','Cemitério Eterno Descanso','2024-01-30','14:00:00',1300.00),
('10000000017','Felipe Cardoso','Capela Santo Antônio','2024-01-31','11:30:00',2700.00),
('10000000018','Laura Ramos','Sala Velório Consolação','2024-02-01','15:30:00',1850.00),
('10000000019','Bruno Ferreira','Crematório Sul','2024-02-02','13:30:00',3150.00),
('10000000020','Juliana Almeida','Cemitério Vale da Saudade','2024-02-03','16:00:00',1450.00),
('10000000021','Rebeca Alves','Capela Central','2024-02-05','10:00:00',3000.00),
('10000000022','Pennywise D.','Sala Velório Principal','2024-02-06','14:00:00',2500.00),
('10000000023','Ellen Ripley','Crematório Leste','2024-02-07','16:00:00',4000.00),
('10000000024','Jason Voorhees','Capela do Campo','2024-02-08','09:00:00',2100.00),
('10000000025','Freddy Krueger','Sala Velório Noturno','2024-02-09','23:00:00',2600.00),
('10000000026','Laurie Strode','Capela Santo Anjo','2024-02-10','11:00:00',1700.00),
('10000000027','Chucky Bonecas','Sala Velório Crianças','2024-02-11','10:30:00',1200.00),
('10000000028','Regan MacNeil','Crematório Norte','2024-02-12','15:00:00',3300.00),
('10000000029','Kayako Saeki','Cemitério da Vila','2024-02-13','12:00:00',1500.00),
('10000000030','Samara Morgan','Capela do Lago','2024-02-14','13:00:00',1900.00),
('10000000031','Norman Bates','Sala Velório Antigo','2024-02-15','09:30:00',1400.00),
('10000000032','Regina Andrade','Cemitério das Rosas','2024-02-16','14:45:00',1600.00),
('10000000033','Carlos Eduardo','Capela Maravilha','2024-02-17','11:15:00',2000.00),
('10000000034','Mariana Silva','Sala Velório Jardim','2024-02-18','10:00:00',1800.00),
('10000000035','Gustavo Rosa','Crematório Oeste II','2024-02-19','16:30:00',3200.00),
('10000000036','Isabela Moreira','Capela do Horizonte','2024-02-20','13:30:00',1500.00),
('10000000037','Roberto Lima','Sala Velório Paz II','2024-02-21','15:00:00',1700.00),
('10000000038','Sofia Nunes','Cemitério Central','2024-02-22','09:00:00',2100.00),
('10000000039','Mateus Gonçalves','Capela do Silêncio','2024-02-23','14:00:00',1900.00),
('10000000040','Beatriz Fernandes','Sala Velório Leste','2024-02-24','11:00:00',1800.00),
('10000000041','Hannah Baker','Crematório Sul II','2024-02-25','10:30:00',3400.00),
('10000000042','Victor Hugo','Capela da Paz','2024-02-26','12:00:00',2000.00),
('10000000043','Rosa Mendes','Sala Velório Sul','2024-02-27','13:30:00',1600.00),
('10000000044','Pedro Henrique','Cemitério Norte','2024-02-28','15:00:00',2200.00),
('10000000045','Ana Paula','Capela do Campo II','2024-03-01','11:30:00',1700.00),
('10000000046','Roberta Cardoso','Sala Velório Aurora','2024-03-02','16:00:00',1900.00),
('10000000047','Leandro Silva','Cemitério Morada','2024-03-03','09:30:00',1500.00),
('10000000048','Marina Costa','Capela do Mar','2024-03-04','14:00:00',1750.00),
('10000000049','Eduarda Ribeiro','Sala Velório Estrela','2024-03-05','13:00:00',1650.00),
('10000000050','Felipe Martins','Crematório Central II','2024-03-06','10:00:00',3500.00);

-- ============================================
-- 10) COMPRAS (50 registros)
-- ============================================
INSERT INTO compra (CNPJ, ID_evento, valor, item, quantidade, data_compra, horario) VALUES
('20000000000303',3,300.00,'Coroa Simples',3,'2024-01-16','09:00:00'),
('20000000000404',4,150.00,'Velas Decorativas',20,'2024-01-17','14:20:00'),
('20000000000505',5,1200.00,'Urna Premium',1,'2024-01-18','16:45:00'),
('20000000000606',6,400.00,'Transporte Especial',1,'2024-01-19','08:30:00'),
('20000000000707',7,650.00,'Lápide Básica',1,'2024-01-20','13:15:00'),
('20000000000808',8,350.00,'Buquê de Flores',5,'2024-01-21','10:50:00'),
('20000000000909',9,280.00,'Coroa Média',2,'2024-01-22','15:10:00'),
('20000000001010',10,900.00,'Urna Standard',1,'2024-01-23','12:25:00'),
('20000000001111',11,200.00,'Velas Simples',15,'2024-01-24','09:40:00'),
('20000000001212',12,750.00,'Urna Econômica',1,'2024-01-25','17:00:00'),
('20000000001313',13,450.00,'Transporte Básico',1,'2024-01-26','14:35:00'),
('20000000001414',14,520.00,'Lápide Pequena',1,'2024-01-27','11:20:00'),
('20000000001515',15,380.00,'Flores Diversas',8,'2024-01-28','16:15:00'),
('20000000001616',16,600.00,'Mármore para Lápide',1,'2024-01-29','10:05:00'),
('20000000001717',17,320.00,'Coroa Pequena',4,'2024-01-30','13:50:00'),
('20000000001818',18,180.00,'Velas Aromáticas',12,'2024-01-31','15:25:00'),
('20000000001919',19,1100.00,'Urna de Luxo',1,'2024-02-01','09:15:00'),
('20000000002020',20,480.00,'Transporte Familiar',1,'2024-02-02','12:40:00'),
('20000000002121',21,300.00,'Coroa Especial',2,'2024-02-03','10:05:00'),
('20000000002222',22,200.00,'Velas de Altar',10,'2024-02-04','11:35:00'),
('20000000002323',23,950.00,'Urna Biodegradável',1,'2024-02-05','09:20:00'),
('20000000002424',24,420.00,'Lápide em Granito',1,'2024-02-06','14:45:00'),
('20000000002525',25,360.00,'Buquê Premium',3,'2024-02-07','15:10:00'),
('20000000002626',26,480.00,'Transporte Urgente',1,'2024-02-08','12:30:00'),
('20000000002727',27,250.00,'Coroa Simples',1,'2024-02-09','09:00:00'),
('20000000002828',28,150.00,'Velas Pequenas',20,'2024-02-10','10:15:00'),
('20000000002929',29,1250.00,'Urna Premium',1,'2024-02-11','16:00:00'),
('20000000003030',30,500.00,'Lápide Artística',1,'2024-02-12','13:45:00'),
('20000000003131',31,320.00,'Flores Diversas',10,'2024-02-13','11:00:00'),
('20000000003232',32,580.00,'Mármore Personalizado',1,'2024-02-14','12:20:00'),
('20000000003333',33,220.00,'Coroa Média',2,'2024-02-15','09:50:00'),
('20000000003434',34,190.00,'Velas Decorativas',15,'2024-02-16','10:40:00'),
('20000000003535',35,800.00,'Urna de Luxo',1,'2024-02-17','14:10:00'),
('20000000003636',36,450.00,'Transporte Especial',1,'2024-02-18','09:30:00'),
('20000000003737',37,330.00,'Lápide Básica',1,'2024-02-19','15:00:00'),
('20000000003838',38,260.00,'Buquê Tradicional',6,'2024-02-20','12:00:00'),
('20000000003939',39,980.00,'Urna Standard',1,'2024-02-21','13:20:00'),
('20000000004040',40,140.00,'Velas Simples',12,'2024-02-22','09:45:00'),
('20000000004141',41,600.00,'Mármore para Lápide',1,'2024-02-23','10:55:00'),
('20000000004242',42,350.00,'Transporte Básico',1,'2024-02-24','14:25:00'),
('20000000004343',43,280.00,'Coroa Pequena',3,'2024-02-25','11:15:00'),
('20000000004444',44,170.00,'Velas Aromáticas',10,'2024-02-26','12:45:00'),
('20000000004545',45,1100.00,'Urna Personalizada',1,'2024-02-27','16:30:00'),
('20000000004646',46,420.00,'Lápide Simples',1,'2024-02-28','10:10:00'),
('20000000004747',47,360.00,'Buquê Premium',4,'2024-03-01','13:05:00'),
('20000000004848',48,500.00,'Transporte Familiar',1,'2024-03-02','15:40:00'),
('20000000004949',49,240.00,'Coroa Especial',2,'2024-03-03','09:35:00'),
('20000000005050',50,190.00,'Velas de Altar',8,'2024-03-04','11:50:00');

-- ============================================
-- 11) FUNCIONARIO_EVENTO (várias associações)
-- ============================================
INSERT INTO funcionario_evento (CPF, ID_evento) VALUES
('30000000001',1),('30000000002',1),('30000000003',2),('30000000004',2),('30000000005',3),
('30000000006',3),('30000000007',4),('30000000008',4),('30000000009',5),('30000000010',5),
('30000000011',6),('30000000012',6),('30000000013',7),('30000000014',7),('30000000015',8),
('30000000016',8),('30000000017',9),('30000000018',9),('30000000019',10),('30000000020',10),
('30000000021',11),('30000000022',11),('30000000023',12),('30000000024',12),('30000000025',13),
('30000000026',13),('30000000027',14),('30000000028',14),('30000000029',15),('30000000030',15),
('30000000031',16),('30000000032',16),('30000000033',17),('30000000034',17),('30000000035',18),
('30000000036',18),('30000000037',19),('30000000038',19),('30000000039',20),('30000000040',20),
('30000000041',21),('30000000042',21),('30000000043',22),('30000000044',22),('30000000045',23),
('30000000046',23),('30000000047',24),('30000000048',24),('30000000049',25),('30000000050',25);

-- (associações adicionais para cobrir 50 eventos)
INSERT INTO funcionario_evento (CPF, ID_evento) VALUES
('30000000001',26),('30000000002',27),('30000000003',28),('30000000004',29),('30000000005',30),
('30000000006',31),('30000000007',32),('30000000008',33),('30000000009',34),('30000000010',35),
('30000000011',36),('30000000012',37),('30000000013',38),('30000000014',39),('30000000015',40),
('30000000016',41),('30000000017',42),('30000000018',43),('30000000019',44),('30000000020',45),
('30000000021',46),('30000000022',47),('30000000023',48),('30000000024',49),('30000000025',50);

-- ============================================
-- 12) EVENTO_SEPULTAMENTO (50 registros)
-- ============================================
INSERT INTO evento_sepultamento (ID_evento, local_destino) VALUES
(1,'Quadra A, Setor 1, Número 101'),
(2,'Quadra A, Setor 1, Número 102'),
(3,'Quadra A, Setor 1, Número 103'),
(4,'Quadra A, Setor 1, Número 104'),
(5,'Quadra A, Setor 1, Número 105'),
(6,'Quadra B, Setor 2, Número 201'),
(7,'Quadra B, Setor 2, Número 202'),
(8,'Quadra B, Setor 2, Número 203'),
(9,'Quadra B, Setor 2, Número 204'),
(10,'Quadra B, Setor 2, Número 205'),
(11,'Quadra C, Setor 3, Número 301'),
(12,'Quadra C, Setor 3, Número 302'),
(13,'Quadra C, Setor 3, Número 303'),
(14,'Quadra C, Setor 3, Número 304'),
(15,'Quadra C, Setor 3, Número 305'),
(16,'Quadra D, Setor 4, Número 401'),
(17,'Quadra D, Setor 4, Número 402'),
(18,'Quadra D, Setor 4, Número 403'),
(19,'Quadra D, Setor 4, Número 404'),
(20,'Quadra D, Setor 4, Número 405'),
(21,'Quadra A, Setor 1, Número 106'),
(22,'Quadra A, Setor 1, Número 107'),
(23,'Quadra B, Setor 2, Número 206'),
(24,'Quadra B, Setor 2, Número 207'),
(25,'Quadra C, Setor 3, Número 306'),
(26,'Quadra C, Setor 3, Número 307'),
(27,'Quadra D, Setor 4, Número 406'),
(28,'Quadra D, Setor 4, Número 407'),
(29,'Quadra A, Setor 1, Número 108'),
(30,'Quadra B, Setor 2, Número 208'),
(31,'Quadra C, Setor 3, Número 308'),
(32,'Quadra D, Setor 4, Número 408'),
(33,'Quadra A, Setor 1, Número 109'),
(34,'Quadra A, Setor 1, Número 110'),
(35,'Quadra B, Setor 2, Número 209'),
(36,'Quadra B, Setor 2, Número 210'),
(37,'Quadra C, Setor 3, Número 309'),
(38,'Quadra C, Setor 3, Número 310'),
(39,'Quadra D, Setor 4, Número 409'),
(40,'Quadra D, Setor 4, Número 410'),
(41,'Quadra A, Setor 1, Número 111'),
(42,'Quadra B, Setor 2, Número 211'),
(43,'Quadra C, Setor 3, Número 311'),
(44,'Quadra D, Setor 4, Número 411'),
(45,'Quadra A, Setor 1, Número 112'),
(46,'Quadra B, Setor 2, Número 212'),
(47,'Quadra C, Setor 3, Número 312'),
(48,'Quadra D, Setor 4, Número 412'),
(49,'Quadra A, Setor 1, Número 113'),
(50,'Quadra B, Setor 2, Número 213');

-- ============================================
-- 13) EVENTO_CREMAÇÃO (50 registros) - associa forno
-- ============================================
INSERT INTO evento_cremacao (ID_evento, forno) VALUES
(1,1),(2,2),(3,3),(4,4),(5,5),
(6,1),(7,2),(8,3),(9,4),(10,5),
(11,1),(12,2),(13,3),(14,4),(15,5),
(16,1),(17,2),(18,3),(19,4),(20,5),
(21,1),(22,2),(23,3),(24,4),(25,5),
(26,1),(27,2),(28,3),(29,4),(30,5),
(31,1),(32,2),(33,3),(34,4),(35,5),
(36,1),(37,2),(38,3),(39,4),(40,5),
(41,1),(42,2),(43,3),(44,4),(45,5),
(46,1),(47,2),(48,3),(49,4),(50,5);

-- ============================================
-- 14) EVENTO_VELORIO (50 registros)
-- ============================================
INSERT INTO evento_velorio (ID_evento, sala) VALUES
(1,1),(2,2),(3,3),(4,4),(5,5),(6,6),(7,7),(8,8),(9,9),(10,10),
(11,1),(12,2),(13,3),(14,4),(15,5),(16,6),(17,7),(18,8),(19,9),(20,10),
(21,1),(22,2),(23,3),(24,4),(25,5),(26,6),(27,7),(28,8),(29,9),(30,10),
(31,1),(32,2),(33,3),(34,4),(35,5),(36,6),(37,7),(38,8),(39,9),(40,10),
(41,1),(42,2),(43,3),(44,4),(45,5),(46,6),(47,7),(48,8),(49,9),(50,10);